PassengerId,Survived,Pclass,Age,Fare,FamilySize,FarePerPerson,Sex_female,Sex_male,Title_Mr,Fare_log,FarePerPerson_log
1,0,3,22.0,7.25,2,3.625,False,True,True,2.1102132003465894,1.5314763709643886
2,1,1,38.0,71.2833,2,35.64165,True,False,False,4.2805931204649,3.6011855715430774
3,1,3,26.0,7.925,1,7.925,True,False,False,2.188856327665703,2.188856327665703
4,1,1,35.0,53.1,2,26.55,True,False,False,3.9908341858524357,3.3160025355989236
5,0,3,35.0,8.05,1,8.05,False,True,True,2.2027647577118348,2.2027647577118348
6,0,3,30.0,8.4583,1,8.4583,False,True,True,2.246892662898172,2.246892662898172
7,0,1,54.0,51.8625,1,51.8625,False,True,True,3.967694202798607,3.967694202798607
8,0,3,2.0,21.075,5,4.215,False,True,False,3.0944457464900235,1.6515390884527357
9,1,3,27.0,11.1333,3,3.7111,True,False,False,2.495953738718064,1.5499214264083454
10,1,2,14.0,30.0708,2,15.0354,True,False,False,3.436268471383741,2.774798778265854
11,1,3,4.0,16.7,3,5.566666666666666,True,False,False,2.8735646395797834,1.882006347075833
12,1,1,58.0,26.55,1,26.55,True,False,False,3.3160025355989236,3.3160025355989236
13,0,3,20.0,8.05,1,8.05,False,True,True,2.2027647577118348,2.2027647577118348
14,0,3,39.0,31.275,7,4.4678571428571425,False,True,True,3.4742929367327062,1.698886792488434
15,0,3,14.0,7.8542,1,7.8542,True,False,False,2.180891922715322,2.180891922715322
16,1,2,55.0,16.0,1,16.0,True,False,False,2.833213344056216,2.833213344056216
17,0,3,2.0,29.125,6,4.854166666666667,False,True,False,3.405355391810819,1.767153658425855
18,1,2,30.0,13.0,1,13.0,False,True,True,2.6390573296152584,2.6390573296152584
19,0,3,31.0,18.0,2,9.0,True,False,False,2.9444389791664403,2.302585092994046
20,1,3,35.0,7.225,1,7.225,True,False,False,2.1071782966514356,2.1071782966514356
21,0,2,35.0,26.0,1,26.0,False,True,True,3.295836866004329,3.295836866004329
22,1,2,34.0,13.0,1,13.0,False,True,True,2.6390573296152584,2.6390573296152584
23,1,3,15.0,8.0292,1,8.0292,True,False,False,2.2004637699272855,2.2004637699272855
24,1,1,28.0,35.5,1,35.5,False,True,True,3.597312260588446,3.597312260588446
25,0,3,8.0,21.075,5,4.215,True,False,False,3.0944457464900235,1.6515390884527357
26,1,3,38.0,31.3875,7,4.483928571428572,True,False,False,3.4777725458882283,1.7018217367116275
27,0,3,30.0,7.225,1,7.225,False,True,True,2.1071782966514356,2.1071782966514356
28,0,1,19.0,112.07915,6,18.679858333333332,False,True,True,4.728088015994874,2.979595693088713
29,1,3,21.0,7.8792,1,7.8792,True,False,False,2.1837114628556327,2.1837114628556327
30,0,3,30.0,7.8958,1,7.8958,False,True,True,2.1855792552411137,2.1855792552411137
31,0,1,40.0,27.7208,1,27.7208,False,True,False,3.357621598945279,3.357621598945279
32,1,1,35.0,112.07915,2,56.039575,True,False,False,4.728088015994874,4.0437453251666415
33,1,3,21.0,7.75,1,7.75,True,False,False,2.169053700369523,2.169053700369523
34,0,2,66.0,10.5,1,10.5,False,True,True,2.4423470353692043,2.4423470353692043
35,0,1,28.0,82.1708,2,41.0854,False,True,True,4.420896324687287,3.7397008871924475
36,0,1,42.0,52.0,2,26.0,False,True,True,3.970291913552122,3.295836866004329
37,1,3,30.0,7.2292,1,7.2292,False,True,True,2.1076888046179385,2.1076888046179385
38,0,3,21.0,8.05,1,8.05,False,True,True,2.2027647577118348,2.2027647577118348
39,0,3,18.0,18.0,3,6.0,True,False,False,2.9444389791664403,1.9459101490553132
40,1,3,14.0,11.2417,2,5.62085,True,False,False,2.5048481563289,1.8902237604980383
41,0,3,40.0,9.475,2,4.7375,True,False,False,2.348991465808201,1.7470235753866634
42,0,2,27.0,21.0,2,10.5,True,False,False,3.091042453358316,2.4423470353692043
43,0,3,30.0,7.8958,1,7.8958,False,True,True,2.1855792552411137,2.1855792552411137
44,1,2,3.0,41.5792,4,10.3948,True,False,False,3.7513658711253766,2.4331571109859165
45,1,3,19.0,7.8792,1,7.8792,True,False,False,2.1837114628556327,2.1837114628556327
46,0,3,30.0,8.05,1,8.05,False,True,True,2.2027647577118348,2.2027647577118348
47,0,3,30.0,15.5,2,7.75,False,True,True,2.803360380906535,2.169053700369523
48,1,3,21.0,7.75,1,7.75,True,False,False,2.169053700369523,2.169053700369523
49,0,3,30.0,21.6792,3,7.226400000000001,False,True,True,3.1214482048688246,2.107348494932844
50,0,3,18.0,17.8,2,8.9,True,False,False,2.9338568698359038,2.2925347571405443
51,0,3,7.0,39.6875,6,6.614583333333333,False,True,False,3.705920919968788,2.0300652682819424
52,0,3,21.0,7.8,1,7.8,False,True,True,2.174751721484161,2.174751721484161
53,1,1,49.0,76.7292,2,38.3646,True,False,False,4.353230991152628,3.672866935273995
54,1,2,29.0,26.0,2,13.0,True,False,False,3.295836866004329,2.6390573296152584
55,0,1,65.0,61.9792,2,30.9896,False,True,True,4.142804513146981,3.465410849975781
56,1,1,30.0,35.5,1,35.5,False,True,True,3.597312260588446,3.597312260588446
57,1,2,21.0,10.5,1,10.5,True,False,False,2.4423470353692043,2.4423470353692043
58,0,3,28.5,7.2292,1,7.2292,False,True,True,2.1076888046179385,2.1076888046179385
59,1,2,5.0,27.75,4,6.9375,True,False,False,3.3586377672433594,2.07159836421881
60,0,3,11.0,46.9,8,5.8625,False,True,False,3.8691155044168695,1.926071806835649
61,0,3,22.0,7.2292,1,7.2292,False,True,True,2.1076888046179385,2.1076888046179385
62,1,1,38.0,80.0,1,80.0,True,False,False,4.394449154672439,4.394449154672439
63,0,1,45.0,83.475,2,41.7375,False,True,True,4.436455632600354,3.75507675496542
64,0,3,4.0,27.9,6,4.6499999999999995,False,True,False,3.3638415951183864,1.7316555451583495
65,0,1,30.0,27.7208,1,27.7208,False,True,True,3.357621598945279,3.357621598945279
66,1,3,3.5,15.2458,3,5.081933333333333,False,True,False,2.7878344138303452,1.8053226278885095
67,1,2,29.0,10.5,1,10.5,True,False,False,2.4423470353692043,2.4423470353692043
68,0,3,19.0,8.1583,1,8.1583,False,True,True,2.2146605719425225,2.2146605719425225
69,1,3,17.0,7.925,7,1.1321428571428571,True,False,False,2.188856327665703,0.7571275102233525
70,0,3,26.0,8.6625,3,2.8874999999999997,False,True,True,2.2682524139135403,1.3577662775053525
71,0,2,32.0,10.5,1,10.5,False,True,True,2.4423470353692043,2.4423470353692043
72,0,3,16.0,46.9,8,5.8625,True,False,False,3.8691155044168695,1.926071806835649
73,0,2,21.0,73.5,1,73.5,False,True,True,4.310799125385514,4.310799125385514
74,0,3,26.0,14.4542,2,7.2271,False,True,True,2.737880811060884,2.107433583211985
75,1,3,32.0,56.4958,1,56.4958,False,True,True,4.05171190165724,4.05171190165724
76,0,3,25.0,7.65,1,7.65,False,True,True,2.157559320943788,2.157559320943788
77,0,3,30.0,7.8958,1,7.8958,False,True,True,2.1855792552411137,2.1855792552411137
78,0,3,30.0,8.05,1,8.05,False,True,True,2.2027647577118348,2.2027647577118348
79,1,2,0.83,29.0,3,9.666666666666666,False,True,False,3.4011973816621555,2.367123614131617
80,1,3,30.0,12.475,1,12.475,True,False,False,2.600836116795061,2.600836116795061
81,0,3,22.0,9.0,1,9.0,False,True,True,2.302585092994046,2.302585092994046
82,1,3,29.0,9.5,1,9.5,False,True,True,2.3513752571634776,2.3513752571634776
83,1,3,21.0,7.7875,1,7.7875,True,False,False,2.1733302571367834,2.1733302571367834
84,0,1,28.0,47.1,1,47.1,False,True,True,3.8732821771117156,3.8732821771117156
85,1,2,17.0,10.5,1,10.5,True,False,False,2.4423470353692043,2.4423470353692043
86,1,3,33.0,15.85,4,3.9625,True,False,False,2.8243506567983707,1.6019096460133089
87,0,3,16.0,34.375,5,6.875,False,True,True,3.5660053559634015,2.063693184711697
88,0,3,30.0,8.05,1,8.05,False,True,True,2.2027647577118348,2.2027647577118348
89,1,1,23.0,112.07915,6,18.679858333333332,True,False,False,4.728088015994874,2.979595693088713
90,0,3,24.0,8.05,1,8.05,False,True,True,2.2027647577118348,2.2027647577118348
91,0,3,29.0,8.05,1,8.05,False,True,True,2.2027647577118348,2.2027647577118348
92,0,3,20.0,7.8542,1,7.8542,False,True,True,2.180891922715322,2.180891922715322
93,0,1,46.0,61.175,2,30.5875,False,True,True,4.1299529896894684,3.4527614727143128
94,0,3,26.0,20.575,4,5.14375,False,True,True,3.0715352369694915,1.8154353049133396
95,0,3,59.0,7.25,1,7.25,False,True,True,2.1102132003465894,2.1102132003465894
96,0,3,30.0,8.05,1,8.05,False,True,True,2.2027647577118348,2.2027647577118348
97,0,1,69.1976145964378,34.6542,1,34.6542,False,True,True,3.57386695198272,3.57386695198272
98,1,1,23.0,63.3583,2,31.67915,False,True,True,4.164465907853638,3.48673725986162
99,1,2,34.0,23.0,2,11.5,True,False,False,3.1780538303479458,2.5257286443082556
100,0,2,34.0,26.0,2,13.0,False,True,True,3.295836866004329,2.6390573296152584
101,0,3,28.0,7.8958,1,7.8958,True,False,False,2.1855792552411137,2.1855792552411137
102,0,3,30.0,7.8958,1,7.8958,False,True,True,2.1855792552411137,2.1855792552411137
103,0,1,21.0,77.2875,2,38.64375,False,True,True,4.360387947851531,3.6799333064000703
104,0,3,33.0,8.6542,1,8.6542,False,True,True,2.267393053825037,2.267393053825037
105,0,3,37.0,7.925,3,2.6416666666666666,False,True,True,2.188856327665703,1.2924414523135441
106,0,3,28.0,7.8958,1,7.8958,False,True,True,2.1855792552411137,2.1855792552411137
107,1,3,21.0,7.65,1,7.65,True,False,False,2.157559320943788,2.157559320943788
108,1,3,30.0,7.775,1,7.775,False,True,True,2.1719067693519296,2.1719067693519296
109,0,3,38.0,7.8958,1,7.8958,False,True,True,2.1855792552411137,2.1855792552411137
110,1,3,21.0,24.15,2,12.075,True,False,False,3.224857896545748,2.5707020099509865
111,0,1,47.0,52.0,1,52.0,False,True,True,3.970291913552122,3.970291913552122
112,0,3,14.5,14.4542,2,7.2271,True,False,False,2.737880811060884,2.107433583211985
113,0,3,22.0,8.05,1,8.05,False,True,True,2.2027647577118348,2.2027647577118348
114,0,3,20.0,9.825,2,4.9125,True,False,False,2.3818582738885534,1.7770687538180514
115,0,3,17.0,14.4583,1,14.4583,True,False,False,2.738146075922933,2.738146075922933
116,0,3,21.0,7.925,1,7.925,False,True,True,2.188856327665703,2.188856327665703
117,0,3,69.1976145964378,7.75,1,7.75,False,True,True,2.169053700369523,2.169053700369523
118,0,2,29.0,21.0,2,10.5,False,True,True,3.091042453358316,2.4423470353692043
119,0,1,24.0,112.07915,2,56.039575,False,True,True,4.728088015994874,4.0437453251666415
120,0,3,2.0,31.275,7,4.4678571428571425,True,False,False,3.4742929367327062,1.698886792488434
121,0,2,21.0,73.5,3,24.5,False,True,True,4.310799125385514,3.2386784521643803
122,0,3,30.0,8.05,1,8.05,False,True,True,2.2027647577118348,2.2027647577118348
123,0,2,32.5,30.0708,2,15.0354,False,True,True,3.436268471383741,2.774798778265854
124,1,2,32.5,13.0,1,13.0,True,False,False,2.6390573296152584,2.6390573296152584
125,0,1,54.0,77.2875,2,38.64375,False,True,True,4.360387947851531,3.6799333064000703
126,1,3,12.0,11.2417,2,5.62085,False,True,False,2.5048481563289,1.8902237604980383
127,0,3,30.0,7.75,1,7.75,False,True,True,2.169053700369523,2.169053700369523
128,1,3,24.0,7.1417,1,7.1417,False,True,True,2.0969990034181696,2.0969990034181696
129,1,3,21.0,22.3583,3,7.452766666666666,True,False,False,3.1509523813392697,2.134493803953674
130,0,3,45.0,6.975,1,6.975,False,True,True,2.076311648670908,2.076311648670908
131,0,3,33.0,7.8958,1,7.8958,False,True,True,2.1855792552411137,2.1855792552411137
132,0,3,20.0,7.05,1,7.05,False,True,True,2.0856720914304723,2.0856720914304723
133,0,3,47.0,14.5,2,7.25,True,False,False,2.740840023925201,2.1102132003465894
134,1,2,29.0,26.0,2,13.0,True,False,False,3.295836866004329,2.6390573296152584
135,0,2,25.0,13.0,1,13.0,False,True,True,2.6390573296152584,2.6390573296152584
136,0,2,23.0,15.0458,1,15.0458,False,True,True,2.775447133088262,2.775447133088262
137,1,1,19.0,26.2833,3,8.7611,True,False,False,3.3062747934011893,2.278405098992312
138,0,1,37.0,53.1,2,26.55,False,True,True,3.9908341858524357,3.3160025355989236
139,0,3,16.0,9.2167,1,9.2167,False,True,True,2.3240236363515288,2.3240236363515288
140,0,1,24.0,79.2,1,79.2,False,True,True,4.384523514872469,4.384523514872469
141,0,3,35.0,15.2458,3,5.081933333333333,True,False,False,2.7878344138303452,1.8053226278885095
142,1,3,22.0,7.75,1,7.75,True,False,False,2.169053700369523,2.169053700369523
143,1,3,24.0,15.85,2,7.925,True,False,False,2.8243506567983707,2.188856327665703
144,0,3,19.0,6.75,1,6.75,False,True,True,2.0476928433652555,2.0476928433652555
145,0,2,18.0,11.5,1,11.5,False,True,True,2.5257286443082556,2.5257286443082556
146,0,2,19.0,36.75,3,12.25,False,True,True,3.6309854756950335,2.583997552432231
147,1,3,27.0,7.7958,1,7.7958,False,True,True,2.174274334826008,2.174274334826008
148,0,3,9.0,34.375,5,6.875,True,False,False,3.5660053559634015,2.063693184711697
149,0,2,36.5,26.0,3,8.666666666666666,False,True,True,3.295836866004329,2.268683541318364
150,0,2,42.0,13.0,1,13.0,False,True,False,2.6390573296152584,2.6390573296152584
151,0,2,51.0,12.525,1,12.525,False,True,False,2.6045398247325453,2.6045398247325453
152,1,1,22.0,66.6,2,33.3,True,False,False,4.213607983048918,3.535145354171894
153,0,3,55.5,8.05,1,8.05,False,True,True,2.2027647577118348,2.2027647577118348
154,0,3,40.5,14.5,3,4.833333333333333,False,True,True,2.740840023925201,1.7635885922613586
155,0,3,30.0,7.3125,1,7.3125,False,True,True,2.1177604059819726,2.1177604059819726
156,0,1,51.0,61.3792,2,30.6896,False,True,True,4.133231886474144,3.4559885513448463
157,1,3,16.0,7.7333,1,7.7333,True,False,False,2.167143305297764,2.167143305297764
158,0,3,30.0,8.05,1,8.05,False,True,True,2.2027647577118348,2.2027647577118348
159,0,3,30.0,8.6625,1,8.6625,False,True,True,2.2682524139135403,2.2682524139135403
160,0,3,3.5,69.55,11,6.322727272727272,False,True,False,4.256321678298823,1.9909828368246127
161,0,3,44.0,16.1,2,8.05,False,True,True,2.8390784635086144,2.2027647577118348
162,1,2,40.0,15.75,1,15.75,True,False,False,2.8183982582710754,2.8183982582710754
163,0,3,26.0,7.775,1,7.775,False,True,True,2.1719067693519296,2.1719067693519296
164,0,3,17.0,8.6625,1,8.6625,False,True,True,2.2682524139135403,2.2682524139135403
165,0,3,1.0,39.6875,6,6.614583333333333,False,True,False,3.705920919968788,2.0300652682819424
166,1,3,9.0,20.525,3,6.841666666666666,False,True,False,3.0692150503137943,2.0594513968033334
167,1,1,35.0,55.0,2,27.5,True,False,False,4.02535169073515,3.349904087274605
168,0,3,45.0,27.9,6,4.6499999999999995,True,False,False,3.3638415951183864,1.7316555451583495
169,0,1,30.0,25.925,1,25.925,False,True,True,3.2930552230424524,3.2930552230424524
170,0,3,28.0,56.4958,1,56.4958,False,True,True,4.05171190165724,4.05171190165724
171,0,1,61.0,33.5,1,33.5,False,True,True,3.5409593240373143,3.5409593240373143
172,0,3,4.0,29.125,6,4.854166666666667,False,True,False,3.405355391810819,1.767153658425855
173,1,3,1.0,11.1333,3,3.7111,True,False,False,2.495953738718064,1.5499214264083454
174,0,3,21.0,7.925,1,7.925,False,True,True,2.188856327665703,2.188856327665703
175,0,1,56.0,30.6958,1,30.6958,False,True,True,3.4561841799918147,3.4561841799918147
176,0,3,18.0,7.8542,3,2.6180666666666665,False,True,True,2.180891922715322,1.2859398131899251
177,0,3,3.5,25.4667,5,5.0933399999999995,False,True,False,3.275887339030031,1.8071963714491994
178,0,1,50.0,28.7125,1,28.7125,True,False,False,3.391567832686312,3.391567832686312
179,0,2,30.0,13.0,1,13.0,False,True,True,2.6390573296152584,2.6390573296152584
180,0,3,36.0,0.0,1,0.0,False,True,True,0.0,0.0
181,0,3,21.0,69.55,11,6.322727272727272,True,False,False,4.256321678298823,1.9909828368246127
182,0,2,30.0,15.05,1,15.05,False,True,True,2.775708849576025,2.775708849576025
183,0,3,9.0,31.3875,7,4.483928571428572,False,True,False,3.4777725458882283,1.7018217367116275
184,1,2,1.0,39.0,4,9.75,False,True,False,3.6888794541139363,2.3749057545736716
185,1,3,4.0,22.025,3,7.341666666666666,True,False,False,3.1365805821413706,2.1212630365331746
186,0,1,30.0,50.0,1,50.0,False,True,True,3.9318256327243257,3.9318256327243257
187,1,3,35.0,15.5,2,7.75,True,False,False,2.803360380906535,2.169053700369523
188,1,1,45.0,26.55,1,26.55,False,True,True,3.3160025355989236,3.3160025355989236
189,0,3,40.0,15.5,3,5.166666666666667,False,True,True,2.803360380906535,1.8191584434161694
190,0,3,36.0,7.8958,1,7.8958,False,True,True,2.1855792552411137,2.1855792552411137
191,1,2,32.0,13.0,1,13.0,True,False,False,2.6390573296152584,2.6390573296152584
192,0,2,19.0,13.0,1,13.0,False,True,True,2.6390573296152584,2.6390573296152584
193,1,3,19.0,7.8542,2,3.9271,True,False,False,2.180891922715322,1.5947505796822232
194,1,2,3.0,26.0,3,8.666666666666666,False,True,False,3.295836866004329,2.268683541318364
195,1,1,44.0,27.7208,1,27.7208,True,False,False,3.357621598945279,3.357621598945279
196,1,1,58.0,112.07915,1,112.07915,True,False,False,4.728088015994874,4.728088015994874
197,0,3,30.0,7.75,1,7.75,False,True,True,2.169053700369523,2.169053700369523
198,0,3,42.0,8.4042,2,4.2021,False,True,True,2.2411563979973974,1.6490623902173178
199,1,3,21.0,7.75,1,7.75,True,False,False,2.169053700369523,2.169053700369523
200,0,2,24.0,13.0,1,13.0,True,False,False,2.6390573296152584,2.6390573296152584
201,0,3,28.0,9.5,1,9.5,False,True,True,2.3513752571634776,2.3513752571634776
202,0,3,30.0,69.55,11,6.322727272727272,False,True,True,4.256321678298823,1.9909828368246127
203,0,3,34.0,6.4958,1,6.4958,False,True,True,2.0143428636837015,2.0143428636837015
204,0,3,45.5,7.225,1,7.225,False,True,True,2.1071782966514356,2.1071782966514356
205,1,3,18.0,8.05,1,8.05,False,True,True,2.2027647577118348,2.2027647577118348
206,0,3,2.0,10.4625,2,5.23125,True,False,False,2.4390808375825834,1.8295769547280114
207,0,3,32.0,15.85,2,7.925,False,True,True,2.8243506567983707,2.188856327665703
208,1,3,26.0,18.7875,1,18.7875,False,True,True,2.9850504252071306,2.9850504252071306
209,1,3,16.0,7.75,1,7.75,True,False,False,2.169053700369523,2.169053700369523
210,1,1,40.0,31.0,1,31.0,False,True,True,3.4657359027997265,3.4657359027997265
211,0,3,24.0,7.05,1,7.05,False,True,True,2.0856720914304723,2.0856720914304723
212,1,2,35.0,21.0,1,21.0,True,False,False,3.091042453358316,3.091042453358316
213,0,3,22.0,7.25,1,7.25,False,True,True,2.1102132003465894,2.1102132003465894
214,0,2,30.0,13.0,1,13.0,False,True,True,2.6390573296152584,2.6390573296152584
215,0,3,30.0,7.75,2,3.875,False,True,True,2.169053700369523,1.5841201044498106
216,1,1,31.0,112.07915,2,56.039575,True,False,False,4.728088015994874,4.0437453251666415
217,1,3,27.0,7.925,1,7.925,True,False,False,2.188856327665703,2.188856327665703
218,0,2,42.0,27.0,2,13.5,False,True,True,3.332204510175204,2.6741486494265287
219,1,1,32.0,76.2917,1,76.2917,True,False,False,4.347586575960343,4.347586575960343
220,0,2,30.0,10.5,1,10.5,False,True,True,2.4423470353692043,2.4423470353692043
221,1,3,16.0,8.05,1,8.05,False,True,True,2.2027647577118348,2.2027647577118348
222,0,2,27.0,13.0,1,13.0,False,True,True,2.6390573296152584,2.6390573296152584
223,0,3,51.0,8.05,1,8.05,False,True,True,2.2027647577118348,2.2027647577118348
224,0,3,30.0,7.8958,1,7.8958,False,True,True,2.1855792552411137,2.1855792552411137
225,1,1,38.0,90.0,2,45.0,False,True,True,4.51085950651685,3.828641396489095
226,0,3,22.0,9.35,1,9.35,False,True,True,2.336986519711378,2.336986519711378
227,1,2,19.0,10.5,1,10.5,False,True,True,2.4423470353692043,2.4423470353692043
228,0,3,20.5,7.25,1,7.25,False,True,True,2.1102132003465894,2.1102132003465894
229,0,2,18.0,13.0,1,13.0,False,True,True,2.6390573296152584,2.6390573296152584
230,0,3,21.0,25.4667,5,5.0933399999999995,True,False,False,3.275887339030031,1.8071963714491994
231,1,1,35.0,83.475,2,41.7375,True,False,False,4.436455632600354,3.75507675496542
232,0,3,29.0,7.775,1,7.775,False,True,True,2.1719067693519296,2.1719067693519296
233,0,2,59.0,13.5,1,13.5,False,True,True,2.6741486494265287,2.6741486494265287
234,1,3,5.0,31.3875,7,4.483928571428572,True,False,False,3.4777725458882283,1.7018217367116275
235,0,2,24.0,10.5,1,10.5,False,True,True,2.4423470353692043,2.4423470353692043
236,0,3,21.0,7.55,1,7.55,True,False,False,2.145931282948669,2.145931282948669
237,0,2,44.0,26.0,2,13.0,False,True,True,3.295836866004329,2.6390573296152584
238,1,2,8.0,26.25,3,8.75,True,False,False,3.305053521109253,2.277267285009756
239,0,2,19.0,10.5,1,10.5,False,True,True,2.4423470353692043,2.4423470353692043
240,0,2,33.0,12.275,1,12.275,False,True,True,2.5858825671280026,2.5858825671280026
241,0,3,21.0,14.4542,2,7.2271,True,False,False,2.737880811060884,2.107433583211985
242,1,3,21.0,15.5,2,7.75,True,False,False,2.803360380906535,2.169053700369523
243,0,2,29.0,10.5,1,10.5,False,True,True,2.4423470353692043,2.4423470353692043
244,0,3,22.0,7.125,1,7.125,False,True,True,2.094945728215801,2.094945728215801
245,0,3,30.0,7.225,1,7.225,False,True,True,2.1071782966514356,2.1071782966514356
246,0,1,44.0,90.0,3,30.0,False,True,False,4.51085950651685,3.4339872044851463
247,0,3,25.0,7.775,1,7.775,True,False,False,2.1719067693519296,2.1719067693519296
248,1,2,24.0,14.5,3,4.833333333333333,True,False,False,2.740840023925201,1.7635885922613586
249,1,1,37.0,52.5542,3,17.518066666666666,False,True,True,3.9806942251907276,2.9187468321201777
250,0,2,54.0,26.0,2,13.0,False,True,False,3.295836866004329,2.6390573296152584
251,0,3,30.0,7.25,1,7.25,False,True,True,2.1102132003465894,2.1102132003465894
252,0,3,29.0,10.4625,3,3.4875000000000003,True,False,False,2.4390808375825834,1.5012957538143974
253,0,1,62.0,26.55,1,26.55,False,True,True,3.3160025355989236,3.3160025355989236
254,0,3,30.0,16.1,2,8.05,False,True,True,2.8390784635086144,2.2027647577118348
255,0,3,41.0,20.2125,3,6.7375,True,False,False,3.0545906305603445,2.0460786380107145
256,1,3,29.0,15.2458,3,5.081933333333333,True,False,False,2.7878344138303452,1.8053226278885095
257,1,1,35.0,79.2,1,79.2,True,False,False,4.384523514872469,4.384523514872469
258,1,1,30.0,86.5,1,86.5,True,False,False,4.471638793363569,4.471638793363569
259,1,1,35.0,112.07915,1,112.07915,True,False,False,4.728088015994874,4.728088015994874
260,1,2,50.0,26.0,2,13.0,True,False,False,3.295836866004329,2.6390573296152584
261,0,3,30.0,7.75,1,7.75,False,True,True,2.169053700369523,2.169053700369523
262,1,3,3.0,31.3875,7,4.483928571428572,False,True,False,3.4777725458882283,1.7018217367116275
263,0,1,52.0,79.65,3,26.55,False,True,True,4.390118804571218,3.3160025355989236
264,0,1,40.0,0.0,1,0.0,False,True,True,0.0,0.0
265,0,3,21.0,7.75,1,7.75,True,False,False,2.169053700369523,2.169053700369523
266,0,2,36.0,10.5,1,10.5,False,True,True,2.4423470353692043,2.4423470353692043
267,0,3,16.0,39.6875,6,6.614583333333333,False,True,True,3.705920919968788,2.0300652682819424
268,1,3,25.0,7.775,2,3.8875,False,True,True,2.1719067693519296,1.5866809253114842
269,1,1,58.0,112.07915,2,56.039575,True,False,False,4.728088015994874,4.0437453251666415
270,1,1,35.0,112.07915,1,112.07915,True,False,False,4.728088015994874,4.728088015994874
271,0,1,30.0,31.0,1,31.0,False,True,True,3.4657359027997265,3.4657359027997265
272,1,3,25.0,0.0,1,0.0,False,True,True,0.0,0.0
273,1,2,41.0,19.5,2,9.75,True,False,False,3.0204248861443626,2.3749057545736716
274,0,1,37.0,29.7,2,14.85,False,True,True,3.4242626545931514,2.7631695003232895
275,1,3,21.0,7.75,1,7.75,True,False,False,2.169053700369523,2.169053700369523
276,1,1,63.0,77.9583,2,38.97915,True,False,False,4.368919865004903,3.6883580682159285
277,0,3,45.0,7.75,1,7.75,True,False,False,2.169053700369523,2.169053700369523
278,0,2,30.0,0.0,1,0.0,False,True,True,0.0,0.0
279,0,3,7.0,29.125,6,4.854166666666667,False,True,False,3.405355391810819,1.767153658425855
280,1,3,35.0,20.25,3,6.75,True,False,False,3.056356895370426,2.0476928433652555
281,0,3,65.0,7.75,1,7.75,False,True,True,2.169053700369523,2.169053700369523
282,0,3,28.0,7.8542,1,7.8542,False,True,True,2.180891922715322,2.180891922715322
283,0,3,16.0,9.5,1,9.5,False,True,True,2.3513752571634776,2.3513752571634776
284,1,3,19.0,8.05,1,8.05,False,True,True,2.2027647577118348,2.2027647577118348
285,0,1,30.0,26.0,1,26.0,False,True,True,3.295836866004329,3.295836866004329
286,0,3,33.0,8.6625,1,8.6625,False,True,True,2.2682524139135403,2.2682524139135403
287,1,3,30.0,9.5,1,9.5,False,True,True,2.3513752571634776,2.3513752571634776
288,0,3,22.0,7.8958,1,7.8958,False,True,True,2.1855792552411137,2.1855792552411137
289,1,2,42.0,13.0,1,13.0,False,True,True,2.6390573296152584,2.6390573296152584
290,1,3,22.0,7.75,1,7.75,True,False,False,2.169053700369523,2.169053700369523
291,1,1,26.0,78.85,1,78.85,True,False,False,4.380149874661021,4.380149874661021
292,1,1,19.0,91.0792,2,45.5396,True,False,False,4.5226490762785785,3.8403035630800124
293,0,2,36.0,12.875,1,12.875,False,True,True,2.630088659632498,2.630088659632498
294,0,3,24.0,8.85,1,8.85,True,False,False,2.2874714551839976,2.2874714551839976
295,0,3,24.0,7.8958,1,7.8958,False,True,True,2.1855792552411137,2.1855792552411137
296,0,1,30.0,27.7208,1,27.7208,False,True,True,3.357621598945279,3.357621598945279
297,0,3,23.5,7.2292,1,7.2292,False,True,True,2.1076888046179385,2.1076888046179385
298,0,1,2.0,112.07915,4,28.0197875,True,False,False,4.728088015994874,3.36797792489305
299,1,1,30.0,30.5,1,30.5,False,True,True,3.449987545831587,3.449987545831587
300,1,1,50.0,112.07915,2,56.039575,True,False,False,4.728088015994874,4.0437453251666415
301,1,3,21.0,7.75,1,7.75,True,False,False,2.169053700369523,2.169053700369523
302,1,3,30.0,23.25,3,7.75,False,True,True,3.188416617383492,2.169053700369523
303,0,3,19.0,0.0,1,0.0,False,True,True,0.0,0.0
304,1,2,21.0,12.35,1,12.35,True,False,False,2.5915163848462583,2.5915163848462583
305,0,3,30.0,8.05,1,8.05,False,True,True,2.2027647577118348,2.2027647577118348
306,1,1,0.92,112.07915,4,28.0197875,False,True,False,4.728088015994874,3.36797792489305
307,1,1,21.0,110.8833,1,110.8833,True,False,False,4.717456363787216,4.717456363787216
308,1,1,17.0,108.9,2,54.45,True,False,False,4.699570861409576,4.015481713796376
309,0,2,30.0,24.0,2,12.0,False,True,True,3.2188758248682006,2.5649493574615367
310,1,1,30.0,56.9292,1,56.9292,True,False,False,4.0592215752427645,4.0592215752427645
311,1,1,24.0,83.1583,1,83.1583,True,False,False,4.432699549165613,4.432699549165613
312,1,1,18.0,112.07915,5,22.41583,True,False,False,4.728088015994874,3.153412289370064
313,0,2,26.0,26.0,3,8.666666666666666,True,False,False,3.295836866004329,2.268683541318364
314,0,3,28.0,7.8958,1,7.8958,False,True,True,2.1855792552411137,2.1855792552411137
315,0,2,43.0,26.25,3,8.75,False,True,True,3.305053521109253,2.277267285009756
316,1,3,26.0,7.8542,1,7.8542,True,False,False,2.180891922715322,2.180891922715322
317,1,2,24.0,26.0,2,13.0,True,False,False,3.295836866004329,2.6390573296152584
318,0,2,54.0,14.0,1,14.0,False,True,False,2.70805020110221,2.70805020110221
319,1,1,31.0,112.07915,3,37.359716666666664,True,False,False,4.728088015994874,3.6470078638218144
320,1,1,40.0,112.07915,3,37.359716666666664,True,False,False,4.728088015994874,3.6470078638218144
321,0,3,22.0,7.25,1,7.25,False,True,True,2.1102132003465894,2.1102132003465894
322,0,3,27.0,7.8958,1,7.8958,False,True,True,2.1855792552411137,2.1855792552411137
323,1,2,30.0,12.35,1,12.35,True,False,False,2.5915163848462583,2.5915163848462583
324,1,2,22.0,29.0,3,9.666666666666666,True,False,False,3.4011973816621555,2.367123614131617
325,0,3,30.0,69.55,11,6.322727272727272,False,True,True,4.256321678298823,1.9909828368246127
326,1,1,36.0,112.07915,1,112.07915,True,False,False,4.728088015994874,4.728088015994874
327,0,3,61.0,6.2375,1,6.2375,False,True,True,1.9792758428991135,1.9792758428991135
328,1,2,36.0,13.0,1,13.0,True,False,False,2.6390573296152584,2.6390573296152584
329,1,3,31.0,20.525,3,6.841666666666666,True,False,False,3.0692150503137943,2.0594513968033334
330,1,1,16.0,57.9792,2,28.9896,True,False,False,4.077184839375167,3.400850654892709
331,1,3,21.0,23.25,3,7.75,True,False,False,3.188416617383492,2.169053700369523
332,0,1,45.5,28.5,1,28.5,False,True,True,3.3843902633457743,3.3843902633457743
333,0,1,38.0,112.07915,2,56.039575,False,True,True,4.728088015994874,4.0437453251666415
334,0,3,16.0,18.0,3,6.0,False,True,True,2.9444389791664403,1.9459101490553132
335,1,1,35.0,112.07915,2,56.039575,True,False,False,4.728088015994874,4.0437453251666415
336,0,3,30.0,7.8958,1,7.8958,False,True,True,2.1855792552411137,2.1855792552411137
337,0,1,29.0,66.6,2,33.3,False,True,True,4.213607983048918,3.535145354171894
338,1,1,41.0,112.07915,1,112.07915,True,False,False,4.728088015994874,4.728088015994874
339,1,3,45.0,8.05,1,8.05,False,True,True,2.2027647577118348,2.2027647577118348
340,0,1,45.0,35.5,1,35.5,False,True,True,3.597312260588446,3.597312260588446
341,1,2,2.0,26.0,3,8.666666666666666,False,True,False,3.295836866004329,2.268683541318364
342,1,1,24.0,112.07915,6,18.679858333333332,True,False,False,4.728088015994874,2.979595693088713
343,0,2,28.0,13.0,1,13.0,False,True,True,2.6390573296152584,2.6390573296152584
344,0,2,25.0,13.0,1,13.0,False,True,True,2.6390573296152584,2.6390573296152584
345,0,2,36.0,13.0,1,13.0,False,True,True,2.6390573296152584,2.6390573296152584
346,1,2,24.0,13.0,1,13.0,True,False,False,2.6390573296152584,2.6390573296152584
347,1,2,40.0,13.0,1,13.0,True,False,False,2.6390573296152584,2.6390573296152584
348,1,3,35.0,16.1,2,8.05,True,False,False,2.8390784635086144,2.2027647577118348
349,1,3,3.0,15.9,3,5.3,False,True,False,2.8273136219290276,1.840549633397487
350,0,3,42.0,8.6625,1,8.6625,False,True,True,2.2682524139135403,2.2682524139135403
351,0,3,23.0,9.225,1,9.225,False,True,True,2.3248357019288655,2.3248357019288655
352,0,1,30.0,35.0,1,35.0,False,True,True,3.58351893845611,3.58351893845611
353,0,3,15.0,7.2292,3,2.409733333333333,False,True,True,2.1076888046179385,1.2266340868690149
354,0,3,25.0,17.8,2,8.9,False,True,True,2.9338568698359038,2.2925347571405443
355,0,3,30.0,7.225,1,7.225,False,True,True,2.1071782966514356,2.1071782966514356
356,0,3,28.0,9.5,1,9.5,False,True,True,2.3513752571634776,2.3513752571634776
357,1,1,22.0,55.0,2,27.5,True,False,False,4.02535169073515,3.349904087274605
358,0,2,38.0,13.0,1,13.0,True,False,False,2.6390573296152584,2.6390573296152584
359,1,3,21.0,7.8792,1,7.8792,True,False,False,2.1837114628556327,2.1837114628556327
360,1,3,21.0,7.8792,1,7.8792,True,False,False,2.1837114628556327,2.1837114628556327
361,0,3,40.0,27.9,6,4.6499999999999995,False,True,True,3.3638415951183864,1.7316555451583495
362,0,2,29.0,27.7208,2,13.8604,False,True,True,3.357621598945279,2.6986999568277366
363,0,3,45.0,14.4542,2,7.2271,True,False,False,2.737880811060884,2.107433583211985
364,0,3,35.0,7.05,1,7.05,False,True,True,2.0856720914304723,2.0856720914304723
365,0,3,30.0,15.5,2,7.75,False,True,True,2.803360380906535,2.169053700369523
366,0,3,30.0,7.25,1,7.25,False,True,True,2.1102132003465894,2.1102132003465894
367,1,1,60.0,75.25,2,37.625,True,False,False,4.334017415487521,3.6538997352179097
368,1,3,35.0,7.2292,1,7.2292,True,False,False,2.1076888046179385,2.1076888046179385
369,1,3,21.0,7.75,1,7.75,True,False,False,2.169053700369523,2.169053700369523
370,1,1,24.0,69.3,1,69.3,True,False,False,4.252771798816619,4.252771798816619
371,1,1,25.0,55.4417,2,27.72085,False,True,True,4.0332082470129285,3.357623339842346
372,0,3,18.0,6.4958,2,3.2479,False,True,True,2.0143428636837015,1.4464247431729138
373,0,3,19.0,8.05,1,8.05,False,True,True,2.2027647577118348,2.2027647577118348
374,0,1,22.0,112.07915,1,112.07915,False,True,True,4.728088015994874,4.728088015994874
375,0,3,3.0,21.075,5,4.215,True,False,False,3.0944457464900235,1.6515390884527357
376,1,1,35.0,82.1708,2,41.0854,True,False,False,4.420896324687287,3.7397008871924475
377,1,3,22.0,7.25,1,7.25,True,False,False,2.1102132003465894,2.1102132003465894
378,0,1,27.0,112.07915,3,37.359716666666664,False,True,True,4.728088015994874,3.6470078638218144
379,0,3,20.0,4.0125,1,4.0125,False,True,True,1.6119347926326877,1.6119347926326877
380,0,3,19.0,7.775,1,7.775,False,True,True,2.1719067693519296,2.1719067693519296
381,1,1,42.0,112.07915,1,112.07915,True,False,False,4.728088015994874,4.728088015994874
382,1,3,1.0,15.7417,3,5.247233333333333,True,False,False,2.817902613071225,1.8321386990758308
383,0,3,32.0,7.925,1,7.925,False,True,True,2.188856327665703,2.188856327665703
384,1,1,35.0,52.0,2,26.0,True,False,False,3.970291913552122,3.295836866004329
385,0,3,30.0,7.8958,1,7.8958,False,True,True,2.1855792552411137,2.1855792552411137
386,0,2,18.0,73.5,1,73.5,False,True,True,4.310799125385514,4.310799125385514
387,0,3,1.0,46.9,8,5.8625,False,True,False,3.8691155044168695,1.926071806835649
388,1,2,36.0,13.0,1,13.0,True,False,False,2.6390573296152584,2.6390573296152584
389,0,3,30.0,7.7292,1,7.7292,False,True,True,2.1666737276227077,2.1666737276227077
390,1,2,17.0,12.0,1,12.0,True,False,False,2.5649493574615367,2.5649493574615367
391,1,1,36.0,112.07915,4,28.0197875,False,True,True,4.728088015994874,3.36797792489305
392,1,3,21.0,7.7958,1,7.7958,False,True,True,2.174274334826008,2.174274334826008
393,0,3,28.0,7.925,3,2.6416666666666666,False,True,True,2.188856327665703,1.2924414523135441
394,1,1,23.0,112.07915,2,56.039575,True,False,False,4.728088015994874,4.0437453251666415
395,1,3,24.0,16.7,3,5.566666666666666,True,False,False,2.8735646395797834,1.882006347075833
396,0,3,22.0,7.7958,1,7.7958,False,True,True,2.174274334826008,2.174274334826008
397,0,3,31.0,7.8542,1,7.8542,True,False,False,2.180891922715322,2.180891922715322
398,0,2,46.0,26.0,1,26.0,False,True,True,3.295836866004329,3.295836866004329
399,0,2,23.0,10.5,1,10.5,False,True,False,2.4423470353692043,2.4423470353692043
400,1,2,28.0,12.65,1,12.65,True,False,False,2.613739521630969,2.613739521630969
401,1,3,39.0,7.925,1,7.925,False,True,True,2.188856327665703,2.188856327665703
402,0,3,26.0,8.05,1,8.05,False,True,True,2.2027647577118348,2.2027647577118348
403,0,3,21.0,9.825,2,4.9125,True,False,False,2.3818582738885534,1.7770687538180514
404,0,3,28.0,15.85,2,7.925,False,True,True,2.8243506567983707,2.188856327665703
405,0,3,20.0,8.6625,1,8.6625,True,False,False,2.2682524139135403,2.2682524139135403
406,0,2,34.0,21.0,2,10.5,False,True,True,3.091042453358316,2.4423470353692043
407,0,3,51.0,7.75,1,7.75,False,True,True,2.169053700369523,2.169053700369523
408,1,2,3.0,18.75,3,6.25,False,True,False,2.9831534913471307,1.9810014688665833
409,0,3,21.0,7.775,1,7.775,False,True,True,2.1719067693519296,2.1719067693519296
410,0,3,21.0,25.4667,5,5.0933399999999995,True,False,False,3.275887339030031,1.8071963714491994
411,0,3,30.0,7.8958,1,7.8958,False,True,True,2.1855792552411137,2.1855792552411137
412,0,3,30.0,6.8583,1,6.8583,False,True,True,2.061570298060867,2.061570298060867
413,1,1,33.0,90.0,2,45.0,True,False,False,4.51085950651685,3.828641396489095
414,0,2,30.0,0.0,1,0.0,False,True,True,0.0,0.0
415,1,3,44.0,7.925,1,7.925,False,True,True,2.188856327665703,2.188856327665703
416,0,3,35.0,8.05,1,8.05,True,False,False,2.2027647577118348,2.2027647577118348
417,1,2,34.0,32.5,3,10.833333333333334,True,False,False,3.5115454388310208,2.4709204078132605
418,1,2,18.0,13.0,3,4.333333333333333,True,False,False,2.6390573296152584,1.6739764335716716
419,0,2,30.0,13.0,1,13.0,False,True,True,2.6390573296152584,2.6390573296152584
420,0,3,10.0,24.15,3,8.049999999999999,True,False,False,3.224857896545748,2.2027647577118348
421,0,3,30.0,7.8958,1,7.8958,False,True,True,2.1855792552411137,2.1855792552411137
422,0,3,21.0,7.7333,1,7.7333,False,True,True,2.167143305297764,2.167143305297764
423,0,3,29.0,7.875,1,7.875,False,True,True,2.1832383353614797,2.1832383353614797
424,0,3,28.0,14.4,3,4.8,True,False,False,2.7343675094195836,1.7578579175523736
425,0,3,18.0,20.2125,3,6.7375,False,True,True,3.0545906305603445,2.0460786380107145
426,0,3,30.0,7.25,1,7.25,False,True,True,2.1102132003465894,2.1102132003465894
427,1,2,28.0,26.0,2,13.0,True,False,False,3.295836866004329,2.6390573296152584
428,1,2,19.0,26.0,1,26.0,True,False,False,3.295836866004329,3.295836866004329
429,0,3,30.0,7.75,1,7.75,False,True,True,2.169053700369523,2.169053700369523
430,1,3,32.0,8.05,1,8.05,False,True,True,2.2027647577118348,2.2027647577118348
431,1,1,28.0,26.55,1,26.55,False,True,True,3.3160025355989236,3.3160025355989236
432,1,3,35.0,16.1,2,8.05,True,False,False,2.8390784635086144,2.2027647577118348
433,1,2,42.0,26.0,2,13.0,True,False,False,3.295836866004329,2.6390573296152584
434,0,3,17.0,7.125,1,7.125,False,True,True,2.094945728215801,2.094945728215801
435,0,1,50.0,55.9,2,27.95,False,True,True,4.041295341132285,3.3655702040190043
436,1,1,14.0,112.07915,4,28.0197875,True,False,False,4.728088015994874,3.36797792489305
437,0,3,21.0,34.375,5,6.875,True,False,False,3.5660053559634015,2.063693184711697
438,1,2,24.0,18.75,6,3.125,True,False,False,2.9831534913471307,1.4170660197866443
439,0,1,64.0,112.07915,6,18.679858333333332,False,True,True,4.728088015994874,2.979595693088713
440,0,2,31.0,10.5,1,10.5,False,True,True,2.4423470353692043,2.4423470353692043
441,1,2,45.0,26.25,3,8.75,True,False,False,3.305053521109253,2.277267285009756
442,0,3,20.0,9.5,1,9.5,False,True,True,2.3513752571634776,2.3513752571634776
443,0,3,25.0,7.775,2,3.8875,False,True,True,2.1719067693519296,1.5866809253114842
444,1,2,28.0,13.0,1,13.0,True,False,False,2.6390573296152584,2.6390573296152584
445,1,3,30.0,8.1125,1,8.1125,False,True,True,2.2096470973347766,2.2096470973347766
446,1,1,4.0,81.8583,3,27.2861,False,True,False,4.417131919904876,3.342370517909884
447,1,2,13.0,19.5,2,9.75,True,False,False,3.0204248861443626,2.3749057545736716
448,1,1,34.0,26.55,1,26.55,False,True,True,3.3160025355989236,3.3160025355989236
449,1,3,5.0,19.2583,4,4.814575,True,False,False,3.0085645861193133,1.7603676964552861
450,1,1,52.0,30.5,1,30.5,False,True,False,3.449987545831587,3.449987545831587
451,0,2,36.0,27.75,4,6.9375,False,True,True,3.3586377672433594,2.07159836421881
452,0,3,30.0,19.9667,2,9.98335,False,True,True,3.0429354648621407,2.396380489729938
453,0,1,30.0,27.75,1,27.75,False,True,True,3.3586377672433594,3.3586377672433594
454,1,1,49.0,89.1042,2,44.5521,False,True,True,4.500966778400217,3.8188567258265635
455,0,3,30.0,8.05,1,8.05,False,True,True,2.2027647577118348,2.2027647577118348
456,1,3,29.0,7.8958,1,7.8958,False,True,True,2.1855792552411137,2.1855792552411137
457,0,1,65.0,26.55,1,26.55,False,True,True,3.3160025355989236,3.3160025355989236
458,1,1,35.0,51.8625,2,25.93125,True,False,False,3.967694202798607,3.293287322382011
459,1,2,50.0,10.5,1,10.5,True,False,False,2.4423470353692043,2.4423470353692043
460,0,3,30.0,7.75,1,7.75,False,True,True,2.169053700369523,2.169053700369523
461,1,1,48.0,26.55,1,26.55,False,True,True,3.3160025355989236,3.3160025355989236
462,0,3,34.0,8.05,1,8.05,False,True,True,2.2027647577118348,2.2027647577118348
463,0,1,47.0,38.5,1,38.5,False,True,True,3.676300671907076,3.676300671907076
464,0,2,48.0,13.0,1,13.0,False,True,True,2.6390573296152584,2.6390573296152584
465,0,3,30.0,8.05,1,8.05,False,True,True,2.2027647577118348,2.2027647577118348
466,0,3,38.0,7.05,1,7.05,False,True,True,2.0856720914304723,2.0856720914304723
467,0,2,30.0,0.0,1,0.0,False,True,True,0.0,0.0
468,0,1,56.0,26.55,1,26.55,False,True,True,3.3160025355989236,3.3160025355989236
469,0,3,30.0,7.725,1,7.725,False,True,True,2.1661924680884908,2.1661924680884908
470,1,3,0.75,19.2583,4,4.814575,True,False,False,3.0085645861193133,1.7603676964552861
471,0,3,30.0,7.25,1,7.25,False,True,True,2.1102132003465894,2.1102132003465894
472,0,3,38.0,8.6625,1,8.6625,False,True,True,2.2682524139135403,2.2682524139135403
473,1,2,33.0,27.75,4,6.9375,True,False,False,3.3586377672433594,2.07159836421881
474,1,2,23.0,13.7917,1,13.7917,True,False,False,2.694066212646058,2.694066212646058
475,0,3,22.0,9.8375,1,9.8375,True,False,False,2.3830123421066602,2.3830123421066602
476,0,1,30.0,52.0,1,52.0,False,True,True,3.970291913552122,3.970291913552122
477,0,2,34.0,21.0,2,10.5,False,True,True,3.091042453358316,2.4423470353692043
478,0,3,29.0,7.0458,2,3.5229,False,True,True,2.0851502161468174,1.5091533810317492
479,0,3,22.0,7.5208,1,7.5208,False,True,True,2.142510233146819,2.142510233146819
480,1,3,2.0,12.2875,2,6.14375,True,False,False,2.586823743668066,1.9662378485609837
481,0,3,9.0,46.9,8,5.8625,False,True,False,3.8691155044168695,1.926071806835649
482,0,2,30.0,0.0,1,0.0,False,True,True,0.0,0.0
483,0,3,50.0,8.05,1,8.05,False,True,True,2.2027647577118348,2.2027647577118348
484,1,3,63.0,9.5875,1,9.5875,True,False,False,2.3596740599781727,2.3596740599781727
485,1,1,25.0,91.0792,2,45.5396,False,True,True,4.5226490762785785,3.8403035630800124
486,0,3,21.0,25.4667,5,5.0933399999999995,True,False,False,3.275887339030031,1.8071963714491994
487,1,1,35.0,90.0,2,45.0,True,False,False,4.51085950651685,3.828641396489095
488,0,1,58.0,29.7,1,29.7,False,True,True,3.4242626545931514,3.4242626545931514
489,0,3,30.0,8.05,1,8.05,False,True,True,2.2027647577118348,2.2027647577118348
490,1,3,9.0,15.9,3,5.3,False,True,False,2.8273136219290276,1.840549633397487
491,0,3,30.0,19.9667,2,9.98335,False,True,True,3.0429354648621407,2.396380489729938
492,0,3,21.0,7.25,1,7.25,False,True,True,2.1102132003465894,2.1102132003465894
493,0,1,55.0,30.5,1,30.5,False,True,True,3.449987545831587,3.449987545831587
494,0,1,69.1976145964378,49.5042,1,49.5042,False,True,True,3.922056501139853,3.922056501139853
495,0,3,21.0,8.05,1,8.05,False,True,True,2.2027647577118348,2.2027647577118348
496,0,3,30.0,14.4583,1,14.4583,False,True,True,2.738146075922933,2.738146075922933
497,1,1,54.0,78.2667,2,39.13335,True,False,False,4.37281811610993,3.6922076594889166
498,0,3,30.0,15.1,1,15.1,False,True,True,2.7788192719904172,2.7788192719904172
499,0,1,25.0,112.07915,4,28.0197875,True,False,False,4.728088015994874,3.36797792489305
500,0,3,24.0,7.7958,1,7.7958,False,True,True,2.174274334826008,2.174274334826008
501,0,3,17.0,8.6625,1,8.6625,False,True,True,2.2682524139135403,2.2682524139135403
502,0,3,21.0,7.75,1,7.75,True,False,False,2.169053700369523,2.169053700369523
503,0,3,21.0,7.6292,1,7.6292,True,False,False,2.155151800914312,2.155151800914312
504,0,3,37.0,9.5875,1,9.5875,True,False,False,2.3596740599781727,2.3596740599781727
505,1,1,16.0,86.5,1,86.5,True,False,False,4.471638793363569,4.471638793363569
506,0,1,18.0,108.9,2,54.45,False,True,True,4.699570861409576,4.015481713796376
507,1,2,33.0,26.0,3,8.666666666666666,True,False,False,3.295836866004329,2.268683541318364
508,1,1,30.0,26.55,1,26.55,False,True,True,3.3160025355989236,3.3160025355989236
509,0,3,28.0,22.525,1,22.525,False,True,True,3.1580636854714434,3.1580636854714434
510,1,3,26.0,56.4958,1,56.4958,False,True,True,4.05171190165724,4.05171190165724
511,1,3,29.0,7.75,1,7.75,False,True,True,2.169053700369523,2.169053700369523
512,0,3,30.0,8.05,1,8.05,False,True,True,2.2027647577118348,2.2027647577118348
513,1,1,36.0,26.2875,1,26.2875,False,True,True,3.3064287218760624,3.3064287218760624
514,1,1,54.0,59.4,2,29.7,True,False,False,4.100989104940769,3.4242626545931514
515,0,3,24.0,7.4958,1,7.4958,False,True,True,2.139571923732859,2.139571923732859
516,0,1,47.0,34.0208,1,34.0208,False,True,True,3.5559421706858756,3.5559421706858756
517,1,2,34.0,10.5,1,10.5,True,False,False,2.4423470353692043,2.4423470353692043
518,0,3,30.0,24.15,1,24.15,False,True,True,3.224857896545748,3.224857896545748
519,1,2,36.0,26.0,2,13.0,True,False,False,3.295836866004329,2.6390573296152584
520,0,3,32.0,7.8958,1,7.8958,False,True,True,2.1855792552411137,2.1855792552411137
521,1,1,30.0,93.5,1,93.5,True,False,False,4.548599834499697,4.548599834499697
522,0,3,22.0,7.8958,1,7.8958,False,True,True,2.1855792552411137,2.1855792552411137
523,0,3,30.0,7.225,1,7.225,False,True,True,2.1071782966514356,2.1071782966514356
524,1,1,44.0,57.9792,2,28.9896,True,False,False,4.077184839375167,3.400850654892709
525,0,3,30.0,7.2292,1,7.2292,False,True,True,2.1076888046179385,2.1076888046179385
526,0,3,40.5,7.75,1,7.75,False,True,True,2.169053700369523,2.169053700369523
527,1,2,50.0,10.5,1,10.5,True,False,False,2.4423470353692043,2.4423470353692043
528,0,1,30.0,112.07915,1,112.07915,False,True,True,4.728088015994874,4.728088015994874
529,0,3,39.0,7.925,1,7.925,False,True,True,2.188856327665703,2.188856327665703
530,0,2,23.0,11.5,4,2.875,False,True,True,2.5257286443082556,1.3545456628053103
531,1,2,2.0,26.0,3,8.666666666666666,True,False,False,3.295836866004329,2.268683541318364
532,0,3,30.0,7.2292,1,7.2292,False,True,True,2.1076888046179385,2.1076888046179385
533,0,3,17.0,7.2292,3,2.409733333333333,False,True,True,2.1076888046179385,1.2266340868690149
534,1,3,35.0,22.3583,3,7.452766666666666,True,False,False,3.1509523813392697,2.134493803953674
535,0,3,30.0,8.6625,1,8.6625,True,False,False,2.2682524139135403,2.2682524139135403
536,1,2,7.0,26.25,3,8.75,True,False,False,3.305053521109253,2.277267285009756
537,0,1,45.0,26.55,1,26.55,False,True,False,3.3160025355989236,3.3160025355989236
538,1,1,30.0,106.425,1,106.425,True,False,False,4.676792929661059,4.676792929661059
539,0,3,30.0,14.5,1,14.5,False,True,True,2.740840023925201,2.740840023925201
540,1,1,22.0,49.5,3,16.5,True,False,False,3.9219733362813143,2.8622008809294686
541,1,1,36.0,71.0,3,23.666666666666668,True,False,False,4.276666119016055,3.20545280453606
542,0,3,9.0,31.275,7,4.4678571428571425,True,False,False,3.4742929367327062,1.698886792488434
543,0,3,11.0,31.275,7,4.4678571428571425,True,False,False,3.4742929367327062,1.698886792488434
544,1,2,32.0,26.0,2,13.0,False,True,True,3.295836866004329,2.6390573296152584
545,0,1,50.0,106.425,2,53.2125,False,True,True,4.676792929661059,3.9929115091614844
546,0,1,64.0,26.0,1,26.0,False,True,True,3.295836866004329,3.295836866004329
547,1,2,19.0,26.0,2,13.0,True,False,False,3.295836866004329,2.6390573296152584
548,1,2,30.0,13.8625,1,13.8625,False,True,True,2.6988412620169004,2.6988412620169004
549,0,3,33.0,20.525,3,6.841666666666666,False,True,True,3.0692150503137943,2.0594513968033334
550,1,2,8.0,36.75,3,12.25,False,True,False,3.6309854756950335,2.583997552432231
551,1,1,17.0,110.8833,3,36.9611,False,True,True,4.717456363787216,3.6365619511933205
552,0,2,27.0,26.0,1,26.0,False,True,True,3.295836866004329,3.295836866004329
553,0,3,30.0,7.8292,1,7.8292,False,True,True,2.17806441028492,2.17806441028492
554,1,3,22.0,7.225,1,7.225,False,True,True,2.1071782966514356,2.1071782966514356
555,1,3,22.0,7.775,1,7.775,True,False,False,2.1719067693519296,2.1719067693519296
556,0,1,62.0,26.55,1,26.55,False,True,True,3.3160025355989236,3.3160025355989236
557,1,1,48.0,39.6,2,19.8,True,False,False,3.703768066607687,3.0349529867072724
558,0,1,30.0,112.07915,1,112.07915,False,True,True,4.728088015994874,4.728088015994874
559,1,1,39.0,79.65,3,26.55,True,False,False,4.390118804571218,3.3160025355989236
560,1,3,36.0,17.4,2,8.7,True,False,False,2.91235066461494,2.272125885509337
561,0,3,30.0,7.75,1,7.75,False,True,True,2.169053700369523,2.169053700369523
562,0,3,40.0,7.8958,1,7.8958,False,True,True,2.1855792552411137,2.1855792552411137
563,0,2,28.0,13.5,1,13.5,False,True,True,2.6741486494265287,2.6741486494265287
564,0,3,30.0,8.05,1,8.05,False,True,True,2.2027647577118348,2.2027647577118348
565,0,3,21.0,8.05,1,8.05,True,False,False,2.2027647577118348,2.2027647577118348
566,0,3,24.0,24.15,3,8.049999999999999,False,True,True,3.224857896545748,2.2027647577118348
567,0,3,19.0,7.8958,1,7.8958,False,True,True,2.1855792552411137,2.1855792552411137
568,0,3,29.0,21.075,5,4.215,True,False,False,3.0944457464900235,1.6515390884527357
569,0,3,30.0,7.2292,1,7.2292,False,True,True,2.1076888046179385,2.1076888046179385
570,1,3,32.0,7.8542,1,7.8542,False,True,True,2.180891922715322,2.180891922715322
571,1,2,62.0,10.5,1,10.5,False,True,True,2.4423470353692043,2.4423470353692043
572,1,1,53.0,51.4792,3,17.15973333333333,True,False,False,3.960416900617205,2.89920668877752
573,1,1,36.0,26.3875,1,26.3875,False,True,True,3.3100867049215847,3.3100867049215847
574,1,3,21.0,7.75,1,7.75,True,False,False,2.169053700369523,2.169053700369523
575,0,3,16.0,8.05,1,8.05,False,True,True,2.2027647577118348,2.2027647577118348
576,0,3,19.0,14.5,1,14.5,False,True,True,2.740840023925201,2.740840023925201
577,1,2,34.0,13.0,1,13.0,True,False,False,2.6390573296152584,2.6390573296152584
578,1,1,39.0,55.9,2,27.95,True,False,False,4.041295341132285,3.3655702040190043
579,0,3,35.0,14.4583,2,7.22915,True,False,False,2.738146075922933,2.107682728674724
580,1,3,32.0,7.925,1,7.925,False,True,True,2.188856327665703,2.188856327665703
581,1,2,25.0,30.0,3,10.0,True,False,False,3.4339872044851463,2.3978952727983707
582,1,1,39.0,110.8833,3,36.9611,True,False,False,4.717456363787216,3.6365619511933205
583,0,2,54.0,26.0,1,26.0,False,True,True,3.295836866004329,3.295836866004329
584,0,1,36.0,40.125,1,40.125,False,True,True,3.716616209085536,3.716616209085536
585,0,3,30.0,8.7125,1,8.7125,False,True,True,2.2734137156937657,2.2734137156937657
586,1,1,18.0,79.65,3,26.55,True,False,False,4.390118804571218,3.3160025355989236
587,0,2,47.0,15.0,1,15.0,False,True,True,2.772588722239781,2.772588722239781
588,1,1,60.0,79.2,3,26.400000000000002,False,True,True,4.384523514872469,3.3105430133940246
589,0,3,22.0,8.05,1,8.05,False,True,True,2.2027647577118348,2.2027647577118348
590,0,3,30.0,8.05,1,8.05,False,True,True,2.2027647577118348,2.2027647577118348
591,0,3,35.0,7.125,1,7.125,False,True,True,2.094945728215801,2.094945728215801
592,1,1,52.0,78.2667,2,39.13335,True,False,False,4.37281811610993,3.6922076594889166
593,0,3,47.0,7.25,1,7.25,False,True,True,2.1102132003465894,2.1102132003465894
594,0,3,21.0,7.75,3,2.5833333333333335,True,False,False,2.169053700369523,1.2762934659055623
595,0,2,37.0,26.0,2,13.0,False,True,True,3.295836866004329,2.6390573296152584
596,0,3,36.0,24.15,3,8.049999999999999,False,True,True,3.224857896545748,2.2027647577118348
597,1,2,21.0,33.0,1,33.0,True,False,False,3.5263605246161616,3.5263605246161616
598,0,3,49.0,0.0,1,0.0,False,True,True,0.0,0.0
599,0,3,30.0,7.225,1,7.225,False,True,True,2.1071782966514356,2.1071782966514356
600,1,1,49.0,56.9292,2,28.4646,False,True,False,4.0592215752427645,3.383189542769255
601,1,2,24.0,27.0,4,6.75,True,False,False,3.332204510175204,2.0476928433652555
602,0,3,30.0,7.8958,1,7.8958,False,True,True,2.1855792552411137,2.1855792552411137
603,0,1,30.0,42.4,1,42.4,False,True,True,3.770459441106359,3.770459441106359
604,0,3,44.0,8.05,1,8.05,False,True,True,2.2027647577118348,2.2027647577118348
605,1,1,35.0,26.55,1,26.55,False,True,True,3.3160025355989236,3.3160025355989236
606,0,3,36.0,15.55,2,7.775,False,True,True,2.806386101823072,2.1719067693519296
607,0,3,30.0,7.8958,1,7.8958,False,True,True,2.1855792552411137,2.1855792552411137
608,1,1,27.0,30.5,1,30.5,False,True,True,3.449987545831587,3.449987545831587
609,1,2,22.0,41.5792,4,10.3948,True,False,False,3.7513658711253766,2.4331571109859165
610,1,1,40.0,112.07915,1,112.07915,True,False,False,4.728088015994874,4.728088015994874
611,0,3,39.0,31.275,7,4.4678571428571425,True,False,False,3.4742929367327062,1.698886792488434
612,0,3,30.0,7.05,1,7.05,False,True,True,2.0856720914304723,2.0856720914304723
613,1,3,21.0,15.5,2,7.75,True,False,False,2.803360380906535,2.169053700369523
614,0,3,30.0,7.75,1,7.75,False,True,True,2.169053700369523,2.169053700369523
615,0,3,35.0,8.05,1,8.05,False,True,True,2.2027647577118348,2.2027647577118348
616,1,2,24.0,65.0,4,16.25,True,False,False,4.189654742026425,2.847812143477369
617,0,3,34.0,14.4,3,4.8,False,True,True,2.7343675094195836,1.7578579175523736
618,0,3,26.0,16.1,2,8.05,True,False,False,2.8390784635086144,2.2027647577118348
619,1,2,4.0,39.0,4,9.75,True,False,False,3.6888794541139363,2.3749057545736716
620,0,2,26.0,10.5,1,10.5,False,True,True,2.4423470353692043,2.4423470353692043
621,0,3,27.0,14.4542,2,7.2271,False,True,True,2.737880811060884,2.107433583211985
622,1,1,42.0,52.5542,2,26.2771,False,True,True,3.9806942251907276,3.306047522339149
623,1,3,20.0,15.7417,3,5.247233333333333,False,True,True,2.817902613071225,1.8321386990758308
624,0,3,21.0,7.8542,1,7.8542,False,True,True,2.180891922715322,2.180891922715322
625,0,3,21.0,16.1,1,16.1,False,True,True,2.8390784635086144,2.8390784635086144
626,0,1,61.0,32.3208,1,32.3208,False,True,True,3.5061818266142577,3.5061818266142577
627,0,2,57.0,12.35,1,12.35,False,True,False,2.5915163848462583,2.5915163848462583
628,1,1,21.0,77.9583,1,77.9583,True,False,False,4.368919865004903,4.368919865004903
629,0,3,26.0,7.8958,1,7.8958,False,True,True,2.1855792552411137,2.1855792552411137
630,0,3,30.0,7.7333,1,7.7333,False,True,True,2.167143305297764,2.167143305297764
631,1,1,69.1976145964378,30.0,1,30.0,False,True,True,3.4339872044851463,3.4339872044851463
632,0,3,51.0,7.0542,1,7.0542,False,True,True,2.086193694502369,2.086193694502369
633,1,1,32.0,30.5,1,30.5,False,True,False,3.449987545831587,3.449987545831587
634,0,1,30.0,0.0,1,0.0,False,True,True,0.0,0.0
635,0,3,9.0,27.9,6,4.6499999999999995,True,False,False,3.3638415951183864,1.7316555451583495
636,1,2,28.0,13.0,1,13.0,True,False,False,2.6390573296152584,2.6390573296152584
637,0,3,32.0,7.925,1,7.925,False,True,True,2.188856327665703,2.188856327665703
638,0,2,31.0,26.25,3,8.75,False,True,True,3.305053521109253,2.277267285009756
639,0,3,41.0,39.6875,6,6.614583333333333,True,False,False,3.705920919968788,2.0300652682819424
640,0,3,30.0,16.1,2,8.05,False,True,True,2.8390784635086144,2.2027647577118348
641,0,3,20.0,7.8542,1,7.8542,False,True,True,2.180891922715322,2.180891922715322
642,1,1,24.0,69.3,1,69.3,True,False,False,4.252771798816619,4.252771798816619
643,0,3,2.0,27.9,6,4.6499999999999995,True,False,False,3.3638415951183864,1.7316555451583495
644,1,3,30.0,56.4958,1,56.4958,False,True,True,4.05171190165724,4.05171190165724
645,1,3,0.75,19.2583,4,4.814575,True,False,False,3.0085645861193133,1.7603676964552861
646,1,1,48.0,76.7292,2,38.3646,False,True,True,4.353230991152628,3.672866935273995
647,0,3,19.0,7.8958,1,7.8958,False,True,True,2.1855792552411137,2.1855792552411137
648,1,1,56.0,35.5,1,35.5,False,True,False,3.597312260588446,3.597312260588446
649,0,3,30.0,7.55,1,7.55,False,True,True,2.145931282948669,2.145931282948669
650,1,3,23.0,7.55,1,7.55,True,False,False,2.145931282948669,2.145931282948669
651,0,3,30.0,7.8958,1,7.8958,False,True,True,2.1855792552411137,2.1855792552411137
652,1,2,18.0,23.0,2,11.5,True,False,False,3.1780538303479458,2.5257286443082556
653,0,3,21.0,8.4333,1,8.4333,False,True,True,2.2442459824059346,2.2442459824059346
654,1,3,21.0,7.8292,1,7.8292,True,False,False,2.17806441028492,2.17806441028492
655,0,3,18.0,6.75,1,6.75,True,False,False,2.0476928433652555,2.0476928433652555
656,0,2,24.0,73.5,3,24.5,False,True,True,4.310799125385514,3.2386784521643803
657,0,3,30.0,7.8958,1,7.8958,False,True,True,2.1855792552411137,2.1855792552411137
658,0,3,32.0,15.5,3,5.166666666666667,True,False,False,2.803360380906535,1.8191584434161694
659,0,2,23.0,13.0,1,13.0,False,True,True,2.6390573296152584,2.6390573296152584
660,0,1,58.0,112.07915,3,37.359716666666664,False,True,True,4.728088015994874,3.6470078638218144
661,1,1,50.0,112.07915,3,37.359716666666664,False,True,False,4.728088015994874,3.6470078638218144
662,0,3,40.0,7.225,1,7.225,False,True,True,2.1071782966514356,2.1071782966514356
663,0,1,47.0,25.5875,1,25.5875,False,True,True,3.2804411805263554,3.2804411805263554
664,0,3,36.0,7.4958,1,7.4958,False,True,True,2.139571923732859,2.139571923732859
665,1,3,20.0,7.925,2,3.9625,False,True,True,2.188856327665703,1.6019096460133089
666,0,2,32.0,73.5,3,24.5,False,True,True,4.310799125385514,3.2386784521643803
667,0,2,25.0,13.0,1,13.0,False,True,True,2.6390573296152584,2.6390573296152584
668,0,3,30.0,7.775,1,7.775,False,True,True,2.1719067693519296,2.1719067693519296
669,0,3,43.0,8.05,1,8.05,False,True,True,2.2027647577118348,2.2027647577118348
670,1,1,35.0,52.0,2,26.0,True,False,False,3.970291913552122,3.295836866004329
671,1,2,40.0,39.0,3,13.0,True,False,False,3.6888794541139363,2.6390573296152584
672,0,1,31.0,52.0,2,26.0,False,True,True,3.970291913552122,3.295836866004329
673,0,2,69.1976145964378,10.5,1,10.5,False,True,True,2.4423470353692043,2.4423470353692043
674,1,2,31.0,13.0,1,13.0,False,True,True,2.6390573296152584,2.6390573296152584
675,0,2,30.0,0.0,1,0.0,False,True,True,0.0,0.0
676,0,3,18.0,7.775,1,7.775,False,True,True,2.1719067693519296,2.1719067693519296
677,0,3,24.5,8.05,1,8.05,False,True,True,2.2027647577118348,2.2027647577118348
678,1,3,18.0,9.8417,1,9.8417,True,False,False,2.3833998102837652,2.3833998102837652
679,0,3,43.0,46.9,8,5.8625,True,False,False,3.8691155044168695,1.926071806835649
680,1,1,36.0,112.07915,2,56.039575,False,True,True,4.728088015994874,4.0437453251666415
681,0,3,21.0,8.1375,1,8.1375,True,False,False,2.212386825075897,2.212386825075897
682,1,1,27.0,76.7292,1,76.7292,False,True,True,4.353230991152628,4.353230991152628
683,0,3,20.0,9.225,1,9.225,False,True,True,2.3248357019288655,2.3248357019288655
684,0,3,14.0,46.9,8,5.8625,False,True,True,3.8691155044168695,1.926071806835649
685,0,2,60.0,39.0,3,13.0,False,True,True,3.6888794541139363,2.6390573296152584
686,0,2,25.0,41.5792,4,10.3948,False,True,True,3.7513658711253766,2.4331571109859165
687,0,3,14.0,39.6875,6,6.614583333333333,False,True,True,3.705920919968788,2.0300652682819424
688,0,3,19.0,10.1708,1,10.1708,False,True,True,2.4133032309283076,2.4133032309283076
689,0,3,18.0,7.7958,1,7.7958,False,True,True,2.174274334826008,2.174274334826008
690,1,1,15.0,112.07915,2,56.039575,True,False,False,4.728088015994874,4.0437453251666415
691,1,1,31.0,57.0,2,28.5,False,True,True,4.060443010546419,3.3843902633457743
692,1,3,4.0,13.4167,2,6.70835,True,False,False,2.668387256845834,2.042304156890204
693,1,3,30.0,56.4958,1,56.4958,False,True,True,4.05171190165724,4.05171190165724
694,0,3,25.0,7.225,1,7.225,False,True,True,2.1071782966514356,2.1071782966514356
695,0,1,60.0,26.55,1,26.55,False,True,False,3.3160025355989236,3.3160025355989236
696,0,2,52.0,13.5,1,13.5,False,True,True,2.6741486494265287,2.6741486494265287
697,0,3,44.0,8.05,1,8.05,False,True,True,2.2027647577118348,2.2027647577118348
698,1,3,21.0,7.7333,1,7.7333,True,False,False,2.167143305297764,2.167143305297764
699,0,1,49.0,110.8833,3,36.9611,False,True,True,4.717456363787216,3.6365619511933205
700,0,3,42.0,7.65,1,7.65,False,True,True,2.157559320943788,2.157559320943788
701,1,1,18.0,112.07915,2,56.039575,True,False,False,4.728088015994874,4.0437453251666415
702,1,1,35.0,26.2875,1,26.2875,False,True,True,3.3064287218760624,3.3064287218760624
703,0,3,18.0,14.4542,2,7.2271,True,False,False,2.737880811060884,2.107433583211985
704,0,3,25.0,7.7417,1,7.7417,False,True,True,2.1681046787623672,2.1681046787623672
705,0,3,26.0,7.8542,2,3.9271,False,True,True,2.180891922715322,1.5947505796822232
706,0,2,39.0,26.0,1,26.0,False,True,True,3.295836866004329,3.295836866004329
707,1,2,45.0,13.5,1,13.5,True,False,False,2.6741486494265287,2.6741486494265287
708,1,1,42.0,26.2875,1,26.2875,False,True,True,3.3064287218760624,3.3064287218760624
709,1,1,22.0,112.07915,1,112.07915,True,False,False,4.728088015994874,4.728088015994874
710,1,3,3.5,15.2458,3,5.081933333333333,False,True,False,2.7878344138303452,1.8053226278885095
711,1,1,24.0,49.5042,1,49.5042,True,False,False,3.922056501139853,3.922056501139853
712,0,1,30.0,26.55,1,26.55,False,True,True,3.3160025355989236,3.3160025355989236
713,1,1,48.0,52.0,2,26.0,False,True,True,3.970291913552122,3.295836866004329
714,0,3,29.0,9.4833,1,9.4833,False,True,True,2.3497835148230464,2.3497835148230464
715,0,2,52.0,13.0,1,13.0,False,True,True,2.6390573296152584,2.6390573296152584
716,0,3,19.0,7.65,1,7.65,False,True,True,2.157559320943788,2.157559320943788
717,1,1,38.0,112.07915,1,112.07915,True,False,False,4.728088015994874,4.728088015994874
718,1,2,27.0,10.5,1,10.5,True,False,False,2.4423470353692043,2.4423470353692043
719,0,3,30.0,15.5,1,15.5,False,True,True,2.803360380906535,2.803360380906535
720,0,3,33.0,7.775,1,7.775,False,True,True,2.1719067693519296,2.1719067693519296
721,1,2,6.0,33.0,2,16.5,True,False,False,3.5263605246161616,2.8622008809294686
722,0,3,17.0,7.0542,2,3.5271,False,True,True,2.086193694502369,1.5100815578939655
723,0,2,34.0,13.0,1,13.0,False,True,True,2.6390573296152584,2.6390573296152584
724,0,2,50.0,13.0,1,13.0,False,True,True,2.6390573296152584,2.6390573296152584
725,1,1,27.0,53.1,2,26.55,False,True,True,3.9908341858524357,3.3160025355989236
726,0,3,20.0,8.6625,1,8.6625,False,True,True,2.2682524139135403,2.2682524139135403
727,1,2,30.0,21.0,4,5.25,True,False,False,3.091042453358316,1.8325814637483102
728,1,3,21.0,7.7375,1,7.7375,True,False,False,2.1676241075599285,2.1676241075599285
729,0,2,25.0,26.0,2,13.0,False,True,True,3.295836866004329,2.6390573296152584
730,0,3,25.0,7.925,2,3.9625,True,False,False,2.188856327665703,1.6019096460133089
731,1,1,29.0,112.07915,1,112.07915,True,False,False,4.728088015994874,4.728088015994874
732,0,3,11.0,18.7875,1,18.7875,False,True,True,2.9850504252071306,2.9850504252071306
733,0,2,30.0,0.0,1,0.0,False,True,True,0.0,0.0
734,0,2,23.0,13.0,1,13.0,False,True,True,2.6390573296152584,2.6390573296152584
735,0,2,23.0,13.0,1,13.0,False,True,True,2.6390573296152584,2.6390573296152584
736,0,3,28.5,16.1,1,16.1,False,True,True,2.8390784635086144,2.8390784635086144
737,0,3,48.0,34.375,5,6.875,True,False,False,3.5660053559634015,2.063693184711697
738,1,1,35.0,112.07915,1,112.07915,False,True,True,4.728088015994874,4.728088015994874
739,0,3,30.0,7.8958,1,7.8958,False,True,True,2.1855792552411137,2.1855792552411137
740,0,3,30.0,7.8958,1,7.8958,False,True,True,2.1855792552411137,2.1855792552411137
741,1,1,30.0,30.0,1,30.0,False,True,True,3.4339872044851463,3.4339872044851463
742,0,1,36.0,78.85,2,39.425,False,True,True,4.380149874661021,3.6994484054631704
743,1,1,21.0,112.07915,5,22.41583,True,False,False,4.728088015994874,3.153412289370064
744,0,3,24.0,16.1,2,8.05,False,True,True,2.8390784635086144,2.2027647577118348
745,1,3,31.0,7.925,1,7.925,False,True,True,2.188856327665703,2.188856327665703
746,0,1,69.1976145964378,71.0,3,23.666666666666668,False,True,False,4.276666119016055,3.20545280453606
747,0,3,16.0,20.25,3,6.75,False,True,True,3.056356895370426,2.0476928433652555
748,1,2,30.0,13.0,1,13.0,True,False,False,2.6390573296152584,2.6390573296152584
749,0,1,19.0,53.1,2,26.55,False,True,True,3.9908341858524357,3.3160025355989236
750,0,3,31.0,7.75,1,7.75,False,True,True,2.169053700369523,2.169053700369523
751,1,2,4.0,23.0,3,7.666666666666667,True,False,False,3.1780538303479458,2.1594842493533726
752,1,3,6.0,12.475,2,6.2375,False,True,False,2.600836116795061,1.9792758428991135
753,0,3,33.0,9.5,1,9.5,False,True,True,2.3513752571634776,2.3513752571634776
754,0,3,23.0,7.8958,1,7.8958,False,True,True,2.1855792552411137,2.1855792552411137
755,1,2,48.0,65.0,4,16.25,True,False,False,4.189654742026425,2.847812143477369
756,1,2,0.67,14.5,3,4.833333333333333,False,True,False,2.740840023925201,1.7635885922613586
757,0,3,28.0,7.7958,1,7.7958,False,True,True,2.174274334826008,2.174274334826008
758,0,2,18.0,11.5,1,11.5,False,True,True,2.5257286443082556,2.5257286443082556
759,0,3,34.0,8.05,1,8.05,False,True,True,2.2027647577118348,2.2027647577118348
760,1,1,33.0,86.5,1,86.5,True,False,False,4.471638793363569,4.471638793363569
761,0,3,30.0,14.5,1,14.5,False,True,True,2.740840023925201,2.740840023925201
762,0,3,41.0,7.125,1,7.125,False,True,True,2.094945728215801,2.094945728215801
763,1,3,20.0,7.2292,1,7.2292,False,True,True,2.1076888046179385,2.1076888046179385
764,1,1,36.0,112.07915,4,28.0197875,True,False,False,4.728088015994874,3.36797792489305
765,0,3,16.0,7.775,1,7.775,False,True,True,2.1719067693519296,2.1719067693519296
766,1,1,51.0,77.9583,2,38.97915,True,False,False,4.368919865004903,3.6883580682159285
767,0,1,48.5,39.6,1,39.6,False,True,False,3.703768066607687,3.703768066607687
768,0,3,30.5,7.75,1,7.75,True,False,False,2.169053700369523,2.169053700369523
769,0,3,30.0,24.15,2,12.075,False,True,True,3.224857896545748,2.5707020099509865
770,0,3,32.0,8.3625,1,8.3625,False,True,True,2.236712348843338,2.236712348843338
771,0,3,24.0,9.5,1,9.5,False,True,True,2.3513752571634776,2.3513752571634776
772,0,3,48.0,7.8542,1,7.8542,False,True,True,2.180891922715322,2.180891922715322
773,0,2,57.0,10.5,1,10.5,True,False,False,2.4423470353692043,2.4423470353692043
774,0,3,30.0,7.225,1,7.225,False,True,True,2.1071782966514356,2.1071782966514356
775,1,2,54.0,23.0,5,4.6,True,False,False,3.1780538303479458,1.7227665977411035
776,0,3,18.0,7.75,1,7.75,False,True,True,2.169053700369523,2.169053700369523
777,0,3,30.0,7.75,1,7.75,False,True,True,2.169053700369523,2.169053700369523
778,1,3,5.0,12.475,1,12.475,True,False,False,2.600836116795061,2.600836116795061
779,0,3,30.0,7.7375,1,7.7375,False,True,True,2.1676241075599285,2.1676241075599285
780,1,1,43.0,112.07915,2,56.039575,True,False,False,4.728088015994874,4.0437453251666415
781,1,3,13.0,7.2292,1,7.2292,True,False,False,2.1076888046179385,2.1076888046179385
782,1,1,17.0,57.0,2,28.5,True,False,False,4.060443010546419,3.3843902633457743
783,0,1,29.0,30.0,1,30.0,False,True,True,3.4339872044851463,3.4339872044851463
784,0,3,30.0,23.45,4,5.8625,False,True,True,3.196630215920881,1.926071806835649
785,0,3,25.0,7.05,1,7.05,False,True,True,2.0856720914304723,2.0856720914304723
786,0,3,25.0,7.25,1,7.25,False,True,True,2.1102132003465894,2.1102132003465894
787,1,3,18.0,7.4958,1,7.4958,True,False,False,2.139571923732859,2.139571923732859
788,0,3,8.0,29.125,6,4.854166666666667,False,True,False,3.405355391810819,1.767153658425855
789,1,3,1.0,20.575,4,5.14375,False,True,False,3.0715352369694915,1.8154353049133396
790,0,1,46.0,79.2,1,79.2,False,True,True,4.384523514872469,4.384523514872469
791,0,3,30.0,7.75,1,7.75,False,True,True,2.169053700369523,2.169053700369523
792,0,2,16.0,26.0,1,26.0,False,True,True,3.295836866004329,3.295836866004329
793,0,3,21.0,69.55,11,6.322727272727272,True,False,False,4.256321678298823,1.9909828368246127
794,0,1,30.0,30.6958,1,30.6958,False,True,True,3.4561841799918147,3.4561841799918147
795,0,3,25.0,7.8958,1,7.8958,False,True,True,2.1855792552411137,2.1855792552411137
796,0,2,39.0,13.0,1,13.0,False,True,True,2.6390573296152584,2.6390573296152584
797,1,1,49.0,25.9292,1,25.9292,True,False,False,3.2932111997353943,3.2932111997353943
798,1,3,31.0,8.6833,1,8.6833,True,False,False,2.270402752283094,2.270402752283094
799,0,3,30.0,7.2292,1,7.2292,False,True,True,2.1076888046179385,2.1076888046179385
800,0,3,30.0,24.15,3,8.049999999999999,True,False,False,3.224857896545748,2.2027647577118348
801,0,2,34.0,13.0,1,13.0,False,True,True,2.6390573296152584,2.6390573296152584
802,1,2,31.0,26.25,3,8.75,True,False,False,3.305053521109253,2.277267285009756
803,1,1,11.0,112.07915,4,28.0197875,False,True,False,4.728088015994874,3.36797792489305
804,1,3,0.42,8.5167,2,4.25835,False,True,False,2.2530481500547457,1.659817289326252
805,1,3,27.0,6.975,1,6.975,False,True,True,2.076311648670908,2.076311648670908
806,0,3,31.0,7.775,1,7.775,False,True,True,2.1719067693519296,2.1719067693519296
807,0,1,39.0,0.0,1,0.0,False,True,True,0.0,0.0
808,0,3,18.0,7.775,1,7.775,True,False,False,2.1719067693519296,2.1719067693519296
809,0,2,39.0,13.0,1,13.0,False,True,True,2.6390573296152584,2.6390573296152584
810,1,1,33.0,53.1,2,26.55,True,False,False,3.9908341858524357,3.3160025355989236
811,0,3,26.0,7.8875,1,7.8875,False,True,True,2.184645795129359,2.184645795129359
812,0,3,39.0,24.15,1,24.15,False,True,True,3.224857896545748,3.224857896545748
813,0,2,35.0,10.5,1,10.5,False,True,True,2.4423470353692043,2.4423470353692043
814,0,3,6.0,31.275,7,4.4678571428571425,True,False,False,3.4742929367327062,1.698886792488434
815,0,3,30.5,8.05,1,8.05,False,True,True,2.2027647577118348,2.2027647577118348
816,0,1,30.0,0.0,1,0.0,False,True,True,0.0,0.0
817,0,3,23.0,7.925,1,7.925,True,False,False,2.188856327665703,2.188856327665703
818,0,2,31.0,37.0042,3,12.334733333333332,False,True,True,3.637696679934592,2.5903721599337124
819,0,3,43.0,6.45,1,6.45,False,True,True,2.0082140323914683,2.0082140323914683
820,0,3,10.0,27.9,6,4.6499999999999995,False,True,False,3.3638415951183864,1.7316555451583495
821,1,1,52.0,93.5,3,31.166666666666668,True,False,False,4.548599834499697,3.4709307196768306
822,1,3,27.0,8.6625,1,8.6625,False,True,True,2.2682524139135403,2.2682524139135403
823,0,1,38.0,0.0,1,0.0,False,True,False,0.0,0.0
824,1,3,27.0,12.475,2,6.2375,True,False,False,2.600836116795061,1.9792758428991135
825,0,3,2.0,39.6875,6,6.614583333333333,False,True,False,3.705920919968788,2.0300652682819424
826,0,3,30.0,6.95,1,6.95,False,True,True,2.0731719286662407,2.0731719286662407
827,0,3,30.0,56.4958,1,56.4958,False,True,True,4.05171190165724,4.05171190165724
828,1,2,1.0,37.0042,3,12.334733333333332,False,True,False,3.637696679934592,2.5903721599337124
829,1,3,30.0,7.75,1,7.75,False,True,True,2.169053700369523,2.169053700369523
830,1,1,62.0,80.0,1,80.0,True,False,False,4.394449154672439,4.394449154672439
831,1,3,15.0,14.4542,2,7.2271,True,False,False,2.737880811060884,2.107433583211985
832,1,2,0.83,18.75,3,6.25,False,True,False,2.9831534913471307,1.9810014688665833
833,0,3,30.0,7.2292,1,7.2292,False,True,True,2.1076888046179385,2.1076888046179385
834,0,3,23.0,7.8542,1,7.8542,False,True,True,2.180891922715322,2.180891922715322
835,0,3,18.0,8.3,1,8.3,False,True,True,2.2300144001592104,2.2300144001592104
836,1,1,39.0,83.1583,3,27.71943333333333,True,False,False,4.432699549165613,3.357574013251851
837,0,3,21.0,8.6625,1,8.6625,False,True,True,2.2682524139135403,2.2682524139135403
838,0,3,30.0,8.05,1,8.05,False,True,True,2.2027647577118348,2.2027647577118348
839,1,3,32.0,56.4958,1,56.4958,False,True,True,4.05171190165724,4.05171190165724
840,1,1,30.0,29.7,1,29.7,False,True,True,3.4242626545931514,3.4242626545931514
841,0,3,20.0,7.925,1,7.925,False,True,True,2.188856327665703,2.188856327665703
842,0,2,16.0,10.5,1,10.5,False,True,True,2.4423470353692043,2.4423470353692043
843,1,1,30.0,31.0,1,31.0,True,False,False,3.4657359027997265,3.4657359027997265
844,0,3,34.5,6.4375,1,6.4375,False,True,True,2.006534770871748,2.006534770871748
845,0,3,17.0,8.6625,1,8.6625,False,True,True,2.2682524139135403,2.2682524139135403
846,0,3,42.0,7.55,1,7.55,False,True,True,2.145931282948669,2.145931282948669
847,0,3,30.0,69.55,11,6.322727272727272,False,True,True,4.256321678298823,1.9909828368246127
848,0,3,35.0,7.8958,1,7.8958,False,True,True,2.1855792552411137,2.1855792552411137
849,0,2,28.0,33.0,2,16.5,False,True,False,3.5263605246161616,2.8622008809294686
850,1,1,35.0,89.1042,2,44.5521,True,False,False,4.500966778400217,3.8188567258265635
851,0,3,4.0,31.275,7,4.4678571428571425,False,True,False,3.4742929367327062,1.698886792488434
852,0,3,69.1976145964378,7.775,1,7.775,False,True,True,2.1719067693519296,2.1719067693519296
853,0,3,9.0,15.2458,3,5.081933333333333,True,False,False,2.7878344138303452,1.8053226278885095
854,1,1,16.0,39.4,2,19.7,True,False,False,3.6988297849671046,3.0301337002713233
855,0,2,44.0,26.0,2,13.0,True,False,False,3.295836866004329,2.6390573296152584
856,1,3,18.0,9.35,2,4.675,True,False,False,2.336986519711378,1.7360705633674662
857,1,1,45.0,112.07915,3,37.359716666666664,True,False,False,4.728088015994874,3.6470078638218144
858,1,1,51.0,26.55,1,26.55,False,True,True,3.3160025355989236,3.3160025355989236
859,1,3,24.0,19.2583,4,4.814575,True,False,False,3.0085645861193133,1.7603676964552861
860,0,3,30.0,7.2292,1,7.2292,False,True,True,2.1076888046179385,2.1076888046179385
861,0,3,41.0,14.1083,3,4.702766666666666,False,True,True,2.7152442616824506,1.740951437198638
862,0,2,21.0,11.5,2,5.75,False,True,True,2.5257286443082556,1.9095425048844386
863,1,1,48.0,25.9292,1,25.9292,True,False,False,3.2932111997353943,3.2932111997353943
864,0,3,21.0,69.55,11,6.322727272727272,True,False,False,4.256321678298823,1.9909828368246127
865,0,2,24.0,13.0,1,13.0,False,True,True,2.6390573296152584,2.6390573296152584
866,1,2,42.0,13.0,1,13.0,True,False,False,2.6390573296152584,2.6390573296152584
867,1,2,27.0,13.8583,2,6.92915,True,False,False,2.698558631668595,2.070545842007651
868,0,1,31.0,50.4958,1,50.4958,False,True,True,3.941500250945973,3.941500250945973
869,0,3,30.0,9.5,1,9.5,False,True,True,2.3513752571634776,2.3513752571634776
870,1,3,4.0,11.1333,3,3.7111,False,True,False,2.495953738718064,1.5499214264083454
871,0,3,26.0,7.8958,1,7.8958,False,True,True,2.1855792552411137,2.1855792552411137
872,1,1,47.0,52.5542,3,17.518066666666666,True,False,False,3.9806942251907276,2.9187468321201777
873,0,1,33.0,5.0,1,5.0,False,True,True,1.791759469228055,1.791759469228055
874,0,3,47.0,9.0,1,9.0,False,True,True,2.302585092994046,2.302585092994046
875,1,2,28.0,24.0,2,12.0,True,False,False,3.2188758248682006,2.5649493574615367
876,1,3,15.0,7.225,1,7.225,True,False,False,2.1071782966514356,2.1071782966514356
877,0,3,20.0,9.8458,1,9.8458,False,True,True,2.3837779082709782,2.3837779082709782
878,0,3,19.0,7.8958,1,7.8958,False,True,True,2.1855792552411137,2.1855792552411137
879,0,3,30.0,7.8958,1,7.8958,False,True,True,2.1855792552411137,2.1855792552411137
880,1,1,56.0,83.1583,2,41.57915,True,False,False,4.432699549165613,3.7513646968424084
881,1,2,25.0,26.0,2,13.0,True,False,False,3.295836866004329,2.6390573296152584
882,0,3,33.0,7.8958,1,7.8958,False,True,True,2.1855792552411137,2.1855792552411137
883,0,3,22.0,10.5167,1,10.5167,True,False,False,2.4437981558973862,2.4437981558973862
884,0,2,28.0,10.5,1,10.5,False,True,True,2.4423470353692043,2.4423470353692043
885,0,3,25.0,7.05,1,7.05,False,True,True,2.0856720914304723,2.0856720914304723
886,0,3,39.0,29.125,6,4.854166666666667,True,False,False,3.405355391810819,1.767153658425855
887,0,2,27.0,13.0,1,13.0,False,True,False,2.6390573296152584,2.6390573296152584
888,1,1,19.0,30.0,1,30.0,True,False,False,3.4339872044851463,3.4339872044851463
889,0,3,21.0,23.45,4,5.8625,True,False,False,3.196630215920881,1.926071806835649
890,1,1,26.0,30.0,1,30.0,False,True,True,3.4339872044851463,3.4339872044851463
891,0,3,32.0,7.75,1,7.75,False,True,True,2.169053700369523,2.169053700369523
